,user,filename,label,u,v
0,Human,093614.jpg,Rsholder,1672,652
1,Human,093614.jpg,Rhip,192,1206
2,Human,093614.jpg,Relbow,1384,1578
3,Human,093614.jpg,Rwrist,1960,1542
4,Human,093614.jpg,Lelbow,1623,1816
5,Human,093614.jpg,Lwrist,2380,1620
6,Human,093614.jpg,Nose,2254,1402
7,Human,093614.jpg,Reye,2352,1283
8,Human,093559.jpg,Rsholder,1665,1051
9,Human,093559.jpg,Rhip,641,1093
10,Human,093559.jpg,Relbow,1469,1556
11,Human,093559.jpg,Lelbow,1644,1767
12,Human,093559.jpg,Lwrist,2051,1753
13,Human,093559.jpg,Rwrist,1840,1655
14,Human,093559.jpg,Nose,1974,1585
15,Human,093559.jpg,Reye,2016,1500
16,Human,093559.jpg,Leye,1960,1648
17,Human,093559.jpg,Rknee,676,2230
18,Human,093542.jpg,Rsholder,1995,1718
19,Human,093542.jpg,Rhip,1370,2426
20,Human,093542.jpg,Relbow,1967,2342
21,Human,093542.jpg,Lelbow,2114,2405
22,Human,093542.jpg,Reye,2352,1879
23,Human,093542.jpg,Rwrist,2198,2132
24,Human,093542.jpg,Lwrist,2409,2118
25,Human,093542.jpg,Nose,2324,1977
26,Human,093551.jpg,Rsholder,2352,1220
27,Human,093551.jpg,Rhip,2086,1865
28,Human,093551.jpg,Reye,2619,1360
29,Human,093551.jpg,Nose,2591,1437
30,Human,093551.jpg,Relbow,2444,1753
31,Human,093551.jpg,Lelbow,2521,1795
32,Human,093551.jpg,Rknee,2535,2679
33,Human,093551.jpg,Lknee,2170,2777
34,Human,093531.jpg,Rsholder,2226,869
35,Human,093531.jpg,Rhip,2416,1444
36,Human,093531.jpg,Rknee,3082,1893
37,Human,093531.jpg,Lknee,2914,2104
38,Human,093531.jpg,Rfoot,3531,2602
39,Human,093531.jpg,Lfoot,2689,2988
40,Human,093519.jpg,Rsholder,1440,595
41,Human,093519.jpg,Rhip,2352,813
42,Human,093519.jpg,Rknee,2928,939
43,Human,093519.jpg,Lknee,3257,1150
44,Human,093519.jpg,Rfoot,4036,1093
45,Human,093519.jpg,Lfoot,4099,1739
46,Human,093513.jpg,Rsholder,2219,616
47,Human,093513.jpg,Rhip,3671,785
48,Human,093459.jpg,Rsholder,2254,602
49,Human,093459.jpg,Rhip,2072,448
50,Human,093459.jpg,Relbow,1861,841
51,Human,093459.jpg,Rwrist,1896,1079
52,Human,093459.jpg,Lwrist,1749,1255
53,Human,093459.jpg,Rknee,1483,778
54,Human,093459.jpg,Rfoot,1398,588
55,Human,093459.jpg,Nose,1903,1206
56,Human,093450.jpg,Rsholder,2752,1514
57,Human,093450.jpg,Rhip,2872,1037
58,Human,093450.jpg,Relbow,2366,1353
59,Human,093450.jpg,Lwrist,2093,1753
60,Human,093450.jpg,Rknee,2352,939
61,Human,093450.jpg,Rfoot,2493,638
62,Human,093450.jpg,Lfoot,2998,757
63,Human,093440.jpg,Rsholder,2072,771
64,Human,093440.jpg,Rhip,1490,153
65,Human,093440.jpg,Rknee,795,574
66,Human,093440.jpg,Rfoot,332,132
67,Human,093440.jpg,Relbow,1616,862
68,Human,093440.jpg,Rwrist,1847,1185
69,Human,093440.jpg,Lwrist,1868,1451
70,Human,093440.jpg,Reye,2100,1346
71,Human,093440.jpg,Nose,2016,1346
72,Human,093435.jpg,Rsholder,2759,1893
73,Human,093435.jpg,Rhip,2402,1318
74,Human,093435.jpg,Nose,2296,1984
75,Human,093435.jpg,Relbow,2703,2567
76,Human,093435.jpg,Rwrist,2563,2384
77,Human,093435.jpg,Lwrist,2486,2588
78,Human,093435.jpg,Rknee,1595,1634
79,Human,093435.jpg,Rfoot,1244,1192
80,Human,093435.jpg,Lfoot,1805,932
81,Human,093435.jpg,Reye,2801,2560
82,Human,093428.jpg,Rsholder,2942,1388
83,Human,093428.jpg,Rhip,2254,1065
84,Human,093428.jpg,Reye,3026,1963
85,Human,093428.jpg,Nose,2900,1984
86,Human,093428.jpg,Rwrist,2759,1907
87,Human,093428.jpg,Lwrist,2731,2090
88,Human,093428.jpg,Relbow,2423,1606
89,Human,093428.jpg,Rknee,1539,1578
90,Human,093428.jpg,Rfoot,1055,1276
91,Human,093428.jpg,Lfoot,1433,953
92,Human,093417.jpg,Rsholder,2766,666
93,Human,093417.jpg,Rhip,2107,862
94,Human,093417.jpg,Relbow,2605,1079
95,Human,093417.jpg,Lelbow,2689,1220
96,Human,093417.jpg,Rwrist,2851,1108
97,Human,093417.jpg,Lwrist,3054,1206
98,Human,093417.jpg,Rknee,2065,1641
99,Human,093417.jpg,Lknee,1707,1549
100,Human,093417.jpg,Rfoot,1300,1956
101,Human,093417.jpg,Lfoot,991,1479
102,Human,093409.jpg,Rsholder,3026,680
103,Human,093409.jpg,Rhip,2493,932
104,Human,093409.jpg,Lfoot,1440,1507
105,Human,093409.jpg,Rfoot,1896,1872
106,Human,093409.jpg,Rfoot,2493,1556
107,Human,093409.jpg,Lknee,2163,1472
108,Human,093409.jpg,Relbow,2956,1044
109,Human,093409.jpg,Lelbow,3040,1157
110,Human,093409.jpg,Rwrist,3117,1030
111,Human,093409.jpg,Lwrist,3264,1086
112,Human,093409.jpg,Nose,3278,974
113,Human,093409.jpg,Reye,3306,911
114,Human,093355.jpg,Rhip,1363,841
115,Human,093355.jpg,Rsholder,1055,385
116,Human,093355.jpg,Rfoot,2591,1606
117,Human,093355.jpg,Lfoot,1988,2111
118,Human,093355.jpg,Rknee,2037,1086
119,Human,093355.jpg,Lknee,1960,1360
120,Human,093348.jpg,Rhip,2521,1641
121,Human,093348.jpg,Rsholder,2338,1058
122,Human,093348.jpg,Rknee,3229,2118
123,Human,093348.jpg,Lknee,3068,2426
124,Human,093348.jpg,Rfoot,3664,2917
125,Human,093348.jpg,Relbow,2654,1486
126,Human,093335.jpg,Rhip,2282,1507
127,Human,093335.jpg,Rsholder,1574,1164
128,Human,093335.jpg,Rfoot,3699,1774
129,Human,093335.jpg,Lfoot,3784,2581
130,Human,093335.jpg,Lknee,3068,1767
131,Human,093335.jpg,Rknee,2900,1500
132,Human,093328.jpg,Rhip,2942,1514
133,Human,093328.jpg,Rsholder,2044,1171
134,Human,093328.jpg,Rknee,3391,1578
135,Human,093328.jpg,Lknee,3594,1816
136,Human,093316.jpg,Rhip,2142,609
137,Human,093316.jpg,Rsholder,2212,925
138,Human,093316.jpg,Relbow,1910,995
139,Human,093316.jpg,Rwrist,1903,1213
140,Human,093316.jpg,Lwrist,1805,1360
141,Human,093316.jpg,Rknee,1693,708
142,Human,093316.jpg,Rfoot,1588,448
143,Human,093316.jpg,Rfoot,2058,427
144,Human,093311.jpg,Rhip,2121,1339
145,Human,093311.jpg,Rsholder,2212,1627
146,Human,093311.jpg,Relbow,1946,1683
147,Human,093311.jpg,Rknee,1707,1402
148,Human,093311.jpg,Rfoot,1651,1199
149,Human,093311.jpg,Rwrist,1946,1928
150,Human,093311.jpg,Lwrist,1833,2076
